{"cameraMode":{"drawMode":0,"name":"Shaded","section":"Shading Mode"},"sceneLighting":true,"audioPlay":false,"sceneViewState":{"showFog":true,"showMaterialUpdate":false,"showSkybox":true,"showFlares":true,"showImageEffects":true,"showParticleSystems":true,"showVisualEffectGraphs":true,"m_FxEnabled":true},"in2DMode":false,"pivot":{"x":-1.1044409275054932,"y":5.029966354370117,"z":-12.045364379882813},"rotation":{"x":0.1837194710969925,"y":0.020636292174458505,"z":-0.0038572517223656179,"w":0.9827569127082825},"size":8.851922035217286,"orthographic":false}